Veldnaam;Veldnaam_export;In_gebruik;Veldtype;p_na;lower;upper;pattern;Uniek;Percentages;Distribution;Opmerkingen
PersoonsgebondenNummer;PersoonsgebondenNummer;TRUE;logical;100,0000000000000000;NA;NA;NA;FALSE;: (%);NA;
Inschrijvingsjaar;Inschrijvingsjaar;TRUE;numeric;0,0000000000000000;2002;2023;20[0-9]{2};FALSE;2021: ( 7.8%) | 2022: ( 7.6%) | 2023: ( 7.3%) | 2020: ( 6.8%) | 2019: ( 6.3%) | 2018: ( 5.8%) | 2011: ( 5.7%) | 2012: ( 5.5%) | 2014: ( 5.4%) | 2010: ( 5.3%) | Other: (36.5%);Q1 = 2011  | median = 2016  | Q3 =  2020  | mean = 2015  | stdev = 5.28;
Instellingscode;Instellingscode;TRUE;subset;0,0000000000000000;NA;NA;[A-Z]{2};FALSE;21PL: (100%);NA;
ActueleInstelling;ActueleInstelling;TRUE;subset;0,0000000000000000;NA;NA;[A-Z]{2};FALSE;21PL: (100%);NA;
Opleidingscode;Opleidingscode;TRUE;numeric;0,0000000000000000;50509;66950;[0-9]{4};FALSE;56560: (10.4%) | 66588: ( 9.0%) | 50952: ( 8.6%) | 60048: ( 7.2%) | 66469: ( 7.1%) | 50645: ( 6.3%) | 56553: ( 6.0%) | 50950: ( 5.6%) | 59324: ( 4.7%) | 50509: ( 4.1%) | Other: (30.8%);Q1 = 56553  | median = 56945  | Q3 =  66469  | mean = 58571  | stdev = 5842;
Opleidingsvorm;Opleidingsvorm;TRUE;subset;0,0000000000000000;NA;NA;NA;FALSE;voltijd: (97.9%) | deeltijd: ( 2.1%);NA;
Opleidingsfase;Opleidingsfase;TRUE;subset;0,0000000000000000;NA;NA;NA;FALSE;B: (57.10%) | M: (41.96%) | S: ( 0.94%);NA;
MaandVanaf;MaandVanaf;TRUE;numeric;0,0000000000000000;1;12;NA;FALSE;9: (94.95%) | 2: ( 1.58%) | 11: ( 0.64%) | 10: ( 0.58%) | 12: ( 0.34%) | 1: ( 0.32%) | 3: ( 0.32%) | 5: ( 0.31%) | 8: ( 0.30%) | 7: ( 0.26%) | Other: ( 0.41%);Q1 = 9  | median = 9  | Q3 =  9  | mean = 8.84  | stdev = 1.12;
BeeindigingsCode;BeeindigingsCode;TRUE;numeric;0,0000000000000000;0;9;NA;FALSE;0: (82.5046%) | 1: (11.9873%) | 9: ( 5.2768%) | 3: ( 0.1718%) | 5: ( 0.0504%) | 8: ( 0.0092%);Q1 = 0  | median = 0  | Q3 =  0  | mean = 0.603  | stdev = 2.02;
MaandTot;MaandTot;TRUE;numeric;88,0974738336806951;1;12;NA;FALSE;2: ( 2.37%) | 1: ( 1.56%) | 11: ( 1.26%) | 4: ( 1.24%) | 12: ( 1.18%) | 3: ( 1.16%) | 10: ( 1.08%) | 5: ( 0.86%) | 6: ( 0.78%) | Other: (88.53%);Q1 = 2  | median = 4  | Q3 =  10  | mean = 5.52  | stdev = 3.92;
ExamenresultaatCode;ExamenresultaatCode;TRUE;numeric;74,5734374642145497;1;9;NA;FALSE;1: (25.4151%) | 9: ( 0.0069%) | 3: (74.5780%);Q1 = 1  | median = 1  | Q3 =  1  | mean = 1  | stdev = 0.134;
MaandExamenresultaat;MaandExamenresultaat;TRUE;numeric;74,5734374642145497;1;12;NA;FALSE;7: ( 8.24%) | 8: ( 7.03%) | 6: ( 2.25%) | 12: ( 1.18%) | 10: ( 1.05%) | 3: ( 1.00%) | 1: ( 0.99%) | 2: ( 0.87%) | 5: ( 0.81%) | Other: (76.58%);Q1 = 6  | median = 7  | Q3 =  8  | mean = 7.01  | stdev = 2.39;
BekostigingsCode;BekostigingsCode;TRUE;subset;0,0000000000000000;NA;NA;NA;FALSE;J: (92.9666%) | N: ( 7.0311%) | H: ( 0.0023%);NA;
EersteJaarAanDezeInstelling;EersteJaarAanDezeInstelling;TRUE;numeric;0,0000000000000000;1973;2023;NA;FALSE;2020: ( 6.5%) | 2019: ( 6.3%) | 2018: ( 6.1%) | 2011: ( 5.7%) | 2010: ( 5.7%) | 2009: ( 5.5%) | 2014: ( 5.3%) | 2008: ( 5.2%) | 2017: ( 5.2%) | 2021: ( 5.1%) | Other: (43.7%);Q1 = 2009  | median = 2013  | Q3 =  2018  | mean = 2013  | stdev = 5.81;
Inschrijvingsvorm;Inschrijvingsvorm;TRUE;subset;0,0000000000000000;NA;NA;NA;FALSE;S: (100%);NA;
SoortHogerOnderwijs;SoortHogerOnderwijs;TRUE;subset;0,0000000000000000;NA;NA;NA;FALSE;wo: (100%);NA;
OpleidingActueelEquivalent;OpleidingActueelEquivalent;TRUE;numeric;0,0000000000000000;50509;66950;[0-9]{4};FALSE;56560: (10.4%) | 66588: ( 9.0%) | 50952: ( 8.6%) | 60048: ( 7.2%) | 66469: ( 7.1%) | 50645: ( 6.3%) | 56553: ( 6.0%) | 50950: ( 5.6%) | 59324: ( 4.7%) | 50509: ( 4.1%) | Other: (30.8%);Q1 = 56553  | median = 56945  | Q3 =  66469  | mean = 58571  | stdev = 5842;
OpleidingHistorischEquivalent;OpleidingHistorischEquivalent;TRUE;numeric;0,0000000000000000;6401;66950;[0-9]{4};FALSE;6834: (14.9%) | 6560: (10.4%) | 66588: ( 9.0%) | 60048: ( 7.2%) | 66469: ( 7.1%) | 6851: ( 6.0%) | 6401: ( 5.6%) | 6990: ( 4.7%) | 50509: ( 4.1%) | 6606: ( 3.6%) | Other: (27.2%);Q1 = 6834  | median = 6990  | Q3 =  66469  | mean = 32839  | stdev = 28443;
CrohoOnderdeelActueleOpleiding;CrohoOnderdeelActueleOpleiding;TRUE;numeric;0,0000000000000000;3;8;NA;FALSE;5: (41.0%) | 6: (35.5%) | 8: (14.5%) | 7: ( 7.1%) | 3: ( 1.8%);Q1 = 5  | median = 6  | Q3 =  6  | mean = 5.9  | stdev = 1.1;
CrohoSubonderdeelActueleOpleiding;CrohoSubonderdeelActueleOpleiding;TRUE;subset;0,0000000000000000;NA;NA;NA;FALSE;08: (41.0%) | 09: (35.5%) | 11: (14.5%) | 10: ( 7.1%) | 06: ( 1.8%);Q1 = 8  | median = 9  | Q3 =  9  | mean = 8.9  | stdev = 1.1;
TypeHogerOnderwijsBinnenSoortHogerOnderwijs;TypeHogerOnderwijsBinnenSoortHogerOnderwijs;TRUE;subset;0,0000000000000000;NA;NA;NA;FALSE;ba: (58%) | ma: (42%);NA;
OpleidingsfaseActueel;OpleidingsfaseActueel;TRUE;subset;0,0000000000000000;NA;NA;NA;FALSE;B: (57.10%) | M: (41.96%) | S: ( 0.94%);NA;
IndicatieActiefOpPeildatum;IndicatieActiefOpPeildatum;TRUE;numeric;0,0000000000000000;1;4;NA;FALSE;1: (93.98%) | 3: ( 4.73%) | 2: ( 1.08%) | 4: ( 0.21%);Q1 = 1  | median = 1  | Q3 =  1  | mean = 1.11  | stdev = 0.455;
SoortInschrijvingHogerOnderwijs;SoortInschrijvingHogerOnderwijs;TRUE;numeric;0,0000000000000000;1;4;NA;FALSE;1: (90.0969%) | 3: ( 6.0211%) | 2: ( 3.8797%) | 4: ( 0.0023%);Q1 = 1  | median = 1  | Q3 =  1  | mean = 1.16  | stdev = 0.504;
SoortInschrijvingSoortHo;SoortInschrijvingSoortHo;TRUE;numeric;0,0000000000000000;1;4;NA;FALSE;1: (90.3099%) | 3: ( 6.0211%) | 2: ( 3.6667%) | 4: ( 0.0023%);Q1 = 1  | median = 1  | Q3 =  1  | mean = 1.16  | stdev = 0.503;
SoortInschrijvingTypeHoBinnenSoortHo;SoortInschrijvingTypeHoBinnenSoortHo;TRUE;numeric;0,0000000000000000;1;4;NA;FALSE;1: (90.8137%) | 3: ( 6.0211%) | 2: ( 3.1629%) | 4: ( 0.0023%);Q1 = 1  | median = 1  | Q3 =  1  | mean = 1.15  | stdev = 0.5;
SoortInschrijvingOpleidingActueelEquivalent;SoortInschrijvingOpleidingActueelEquivalent;TRUE;numeric;0,0000000000000000;1;4;NA;FALSE;1: (93.9170%) | 3: ( 6.0211%) | 2: ( 0.0595%) | 4: ( 0.0023%);Q1 = 1  | median = 1  | Q3 =  1  | mean = 1.12  | stdev = 0.476;
SoortInschrijvingActueleInstelling;SoortInschrijvingActueleInstelling;TRUE;numeric;0,0000000000000000;1;4;NA;FALSE;1: (91.6588%) | 3: ( 6.0211%) | 2: ( 2.3178%) | 4: ( 0.0023%);Q1 = 1  | median = 1  | Q3 =  1  | mean = 1.14  | stdev = 0.494;
SoortInschrijvingActueleOpleidingInstelling;SoortInschrijvingActueleOpleidingInstelling;TRUE;numeric;0,0000000000000000;1;4;NA;FALSE;1: (93.9766%) | 3: ( 6.0211%) | 4: ( 0.0023%);Q1 = 1  | median = 1  | Q3 =  1  | mean = 1.12  | stdev = 0.476;
VerblijfsjaarHogerOnderwijs;VerblijfsjaarHogerOnderwijs;TRUE;numeric;0,0000000000000000;0;35;NA;FALSE;1: (15.7%) | 2: (13.5%) | 3: (12.3%) | 5: (12.2%) | 6: (11.7%) | 4: (11.2%) | 7: ( 7.8%) | 0: ( 6.0%) | 8: ( 4.1%) | 9: ( 2.1%) | Other: ( 3.5%);Q1 = 2  | median = 4  | Q3 =  6  | mean = 4.03  | stdev = 2.85;
VerblijfsjaarSoortHo;VerblijfsjaarSoortHo;TRUE;numeric;0,0000000000000000;0;35;NA;FALSE;1: (21.1%) | 2: (18.0%) | 3: (14.2%) | 4: (11.9%) | 5: (10.0%) | 6: ( 8.0%) | 0: ( 6.0%) | 7: ( 4.9%) | 8: ( 2.4%) | 9: ( 1.3%) | Other: ( 2.3%);Q1 = 1  | median = 3  | Q3 =  5  | mean = 3.38  | stdev = 2.59;
VerblijfsjaarTypeHoBinnenSoortHo;VerblijfsjaarTypeHoBinnenSoortHo;TRUE;numeric;0,0000000000000000;0;20;NA;FALSE;1: (35.33%) | 2: (24.55%) | 3: (17.10%) | 4: ( 9.23%) | 0: ( 6.02%) | 5: ( 4.13%) | 6: ( 1.87%) | 7: ( 0.82%) | 8: ( 0.37%) | 9: ( 0.20%) | Other: ( 0.37%);Q1 = 1  | median = 2  | Q3 =  3  | mean = 2.2  | stdev = 1.61;
IndicatieEerstejaarsOpleidingActueelEquivalent;IndicatieEerstejaarsOpleidingActueelEquivalent;TRUE;numeric;0,0000000000000000;1;5;NA;FALSE;2: (52.956%) | 1: (40.961%) | 5: ( 6.023%) | 4: ( 0.044%) | 3: ( 0.016%);Q1 = 1  | median = 2  | Q3 =  2  | mean = 1.77  | stdev = 0.95;
IndicatieEerstejaarsActueleInstelling;IndicatieEerstejaarsActueleInstelling;TRUE;numeric;0,0000000000000000;1;5;NA;FALSE;2: (64.04%) | 1: (27.62%) | 5: ( 6.02%) | 4: ( 2.11%) | 3: ( 0.21%);Q1 = 1  | median = 2  | Q3 =  2  | mean = 1.95  | stdev = 0.95;
IndicatieEerstejaarsActueleOplInstelling;IndicatieEerstejaarsActueleOplInstelling;TRUE;numeric;0,0000000000000000;1;5;NA;FALSE;2: (52%) | 1: (42%) | 5: ( 6%);Q1 = 1  | median = 2  | Q3 =  2  | mean = 1.76  | stdev = 0.951;
EersteJaarInHetHogerOnderwijs;EersteJaarInHetHogerOnderwijs;TRUE;numeric;0,0000000000000000;1973;2023;NA;FALSE;2013: ( 5.7%) | 2011: ( 5.3%) | 2009: ( 5.3%) | 2018: ( 5.2%) | 2010: ( 5.2%) | 2014: ( 5.1%) | 2019: ( 5.0%) | 2020: ( 5.0%) | 2008: ( 4.9%) | 2017: ( 4.9%) | Other: (48.3%);Q1 = 2007  | median = 2012  | Q3 =  2017  | mean = 2012  | stdev = 6.41;
EersteJaarAanDezeSoortHogerOnderwijs;EersteJaarAanDezeSoortHogerOnderwijs;TRUE;numeric;0,0000000000000000;1973;2023;NA;FALSE;2011: ( 5.8%) | 2020: ( 5.7%) | 2010: ( 5.7%) | 2009: ( 5.7%) | 2018: ( 5.7%) | 2019: ( 5.5%) | 2013: ( 5.4%) | 2017: ( 5.2%) | 2008: ( 5.2%) | 2014: ( 5.2%) | Other: (44.9%);Q1 = 2008  | median = 2013  | Q3 =  2018  | mean = 2013  | stdev = 6.04;
EersteJaarAanDezeOpleidingInstelling;EersteJaarAanDezeOpleidingInstelling;TRUE;numeric;0,0000000000000000;1985;2023;NA;FALSE;2020: ( 7.5%) | 2019: ( 7.2%) | 2021: ( 6.6%) | 2018: ( 6.4%) | 2014: ( 5.7%) | 2012: ( 5.5%) | 2017: ( 5.5%) | 2011: ( 5.5%) | 2010: ( 5.4%) | 2009: ( 5.3%) | Other: (39.4%);Q1 = 2010  | median = 2014  | Q3 =  2019  | mean = 2014  | stdev = 5.43;
Diplomajaar;Diplomajaar;TRUE;numeric;74,5734374642145497;2004;2023;20[0-9]{2};FALSE;2022: ( 2.1%) | 2021: ( 2.0%) | 2018: ( 1.8%) | 2020: ( 1.7%) | 2015: ( 1.7%) | 2016: ( 1.7%) | 2014: ( 1.6%) | 2019: ( 1.6%) | 2012: ( 1.6%) | Other: (84.2%);Q1 = 2011  | median = 2015  | Q3 =  2019  | mean = 2015  | stdev = 4.71;
OpleidingsfaseActueelVanHetDiploma;OpleidingsfaseActueelVanHetDiploma;TRUE;subset;74,5734374642145497;NA;NA;NA;FALSE;M: (14.0%) | B: ( 9.6%) | C: (76.4%);NA;
SoortDiplomaHogerOnderwijsInternatStatistiek;SoortDiplomaHogerOnderwijsInternatStatistiek;TRUE;numeric;74,5734374642145497;1;2;NA;FALSE;2: (14%) | 1: (86%);Q1 = 1  | median = 2  | Q3 =  2  | mean = 1.56  | stdev = 0.497;
SoortDiplomaHogerOnderwijs;SoortDiplomaHogerOnderwijs;TRUE;numeric;74,5734374642145497;3;10;NA;FALSE;5: (13.35%) | 3: ( 9.31%) | 9: ( 1.82%) | 6: ( 0.62%) | 4: ( 0.30%) | 10: (74.60%);Q1 = 3  | median = 5  | Q3 =  5  | mean = 4.57  | stdev = 1.58;
SoortDiplomaSoortHogerOnderwijs;SoortDiplomaSoortHogerOnderwijs;TRUE;numeric;74,5734374642145497;3;10;NA;FALSE;5: (13.742%) | 3: ( 9.541%) | 9: ( 1.841%) | 6: ( 0.231%) | 4: ( 0.069%) | 10: (74.576%);Q1 = 3  | median = 5  | Q3 =  5  | mean = 4.55  | stdev = 1.57;
SoortDiplomaInstelling;SoortDiplomaInstelling;TRUE;numeric;74,5734374642145497;3;9;NA;FALSE;5: (13.84%) | 3: ( 9.56%) | 9: ( 1.84%) | 6: ( 0.13%) | 4: (74.62%);Q1 = 3  | median = 5  | Q3 =  5  | mean = 4.54  | stdev = 1.57;
HoogsteVooropleidingVoorHetHo;HoogsteVooropleidingVoorHetHo;TRUE;character;0,0000000000000000;NA;NA;[0-9]{4};FALSE;00405: (16.9%) | 00403: (16.2%) | 00411: (14.2%) | 00401: (12.8%) | 00402: ( 6.2%) | 00502: ( 5.5%) | 00203: ( 5.5%) | 00404: ( 4.7%) | 00408: ( 4.1%) | 00201: ( 3.2%) | Other: (10.7%);Q1 = 401  | median = 403  | Q3 =  405  | mean = 372  | stdev = 94.3;
HoogsteVooropleidingVoorHetHoOorspronkelijkeCode;HoogsteVooropleidingVoorHetHoOorspronkelijkeCode;TRUE;character;0,0000000000000000;NA;NA;[0-9]{4};FALSE;V0174: ( 8.3%) | V0172: ( 6.4%) | 00801: ( 5.4%) | V0171: ( 5.2%) | V0151: ( 4.8%) | V0152: ( 4.7%) | 00350: ( 4.6%) | V0274: ( 4.4%) | V0100: ( 3.0%) | V0600: ( 3.0%) | Other: (50.3%);Q1 = 350  | median = 350  | Q3 =  801  | mean = 4162  | stdev = 17060;
DiplomajaarVanDeHoogsteVooroplVoorHetHo;DiplomajaarVanDeHoogsteVooroplVoorHetHo;TRUE;numeric;1,9558894258296500;1949;2022;NA;FALSE;2007: ( 4.7%) | 2008: ( 4.5%) | 2016: ( 4.4%) | 2012: ( 4.3%) | 2010: ( 4.3%) | 2006: ( 4.2%) | 2015: ( 4.2%) | 2004: ( 4.2%) | 2009: ( 4.2%) | 2005: ( 4.1%) | Other: (56.7%);Q1 = 2003  | median = 2008  | Q3 =  2014  | mean = 2008  | stdev = 7.77;
InstellingVanDeHoogsteVooroplVoorHetHo;InstellingVanDeHoogsteVooroplVoorHetHo;TRUE;character;15,3402194077365266;NA;NA;[A-Z]{2};FALSE;01EO: ( 1.37%) | 02QZ: ( 1.34%) | 02ME: ( 1.26%) | 14VG: ( 1.17%) | 14SM: ( 1.14%) | 25PZ: ( 1.09%) | 02TE: ( 0.95%) | 21GD: ( 0.92%) | 02UC: ( 0.89%) | Other: (89.86%);NA;
HoogsteVooropleidingBinnenHetHo;HoogsteVooropleidingBinnenHetHo;TRUE;character;0,0000000000000000;NA;NA;[0-9]{4};FALSE;00000: (50.3%) | 00804: ( 6.6%) | 00906: ( 5.3%) | 00903: ( 4.2%) | 00910: ( 3.1%) | 00706: ( 2.7%) | 00604: ( 2.7%) | 00904: ( 2.4%) | 00905: ( 2.4%) | 00809: ( 2.3%) | Other: (18.2%);Q1 = 0  | median = 0  | Q3 =  809  | mean = 413  | stdev = 425;
HoogsteVooropleidingBinnenHetHoOorspronkelijkeCode;HoogsteVooropleidingBinnenHetHoOorspronkelijkeCode;TRUE;character;0,0000000000000000;NA;NA;[0-9]{4};FALSE;00000: (50.26%) | 56551: ( 2.71%) | 06551: ( 2.23%) | 50700: ( 2.01%) | 56604: ( 1.86%) | 39205: ( 1.24%) | 06451: ( 1.11%) | 34402: ( 0.86%) | 06401: ( 0.81%) | 50645: ( 0.71%) | Other: (36.20%);Q1 = 0  | median = 0  | Q3 =  34936  | mean = 17686  | stdev = 23156;
DiplomajaarVanDeHoogsteVooroplBinnenHetHo;DiplomajaarVanDeHoogsteVooroplBinnenHetHo;TRUE;numeric;50,2553649543091439;1956;2022;NA;FALSE;2017: ( 2.3%) | 2018: ( 2.3%) | 2016: ( 2.2%) | 2001: ( 2.2%) | 2008: ( 2.1%) | 2014: ( 2.1%) | 2015: ( 2.1%) | 2013: ( 2.1%) | 2011: ( 2.0%) | Other: (80.5%);Q1 = 2002  | median = 2010  | Q3 =  2016  | mean = 2009  | stdev = 8.09;
InstellingVanDeHoogsteVooroplBinnenHetHo;InstellingVanDeHoogsteVooroplBinnenHetHo;TRUE;character;51,6295261434166264;NA;NA;[A-Z]{2};FALSE;21PL: (23.1%) | 28DN: ( 3.5%) | 21PK: ( 3.1%) | 25DW: ( 1.8%) | 21PD: ( 1.6%) | 27PZ: ( 1.6%) | 21QW: ( 1.3%) | 21PB: ( 1.2%) | 01VU: ( 0.8%) | Other: (62.1%);NA;
HoogsteVooropleiding;HoogsteVooropleiding;TRUE;character;0,0000000000000000;NA;NA;[0-9]{4};FALSE;00403: (11.4%) | 00405: ( 9.1%) | 00411: ( 8.2%) | 00502: ( 7.5%) | 00804: ( 6.6%) | 00906: ( 5.3%) | 00401: ( 4.6%) | 00903: ( 4.2%) | 00402: ( 3.2%) | 00910: ( 3.1%) | Other: (36.9%);Q1 = 405  | median = 502  | Q3 =  809  | mean = 611  | stdev = 237;
DiplomajaarHoogsteVooropleiding;DiplomajaarHoogsteVooropleiding;TRUE;numeric;1,9009229782653507;1956;2022;NA;FALSE;2017: ( 5.0%) | 2018: ( 4.9%) | 2019: ( 4.8%) | 2016: ( 4.7%) | 2014: ( 4.4%) | 2015: ( 4.3%) | 2020: ( 4.3%) | 2008: ( 4.2%) | 2013: ( 4.1%) | 2009: ( 4.0%) | Other: (55.4%);Q1 = 2004  | median = 2010  | Q3 =  2016  | mean = 2010  | stdev = 7.81;
InstellingVanDeHoogsteVooropleiding;InstellingVanDeHoogsteVooropleiding;TRUE;character;13,7164189359411850;NA;NA;[A-Z]{2};FALSE;21PL: (23.1%) | 28DN: ( 3.5%) | 21PK: ( 3.1%) | 25DW: ( 1.8%) | 21PD: ( 1.6%) | 27PZ: ( 1.6%) | 21QW: ( 1.3%) | 21PB: ( 1.2%) | 01VU: ( 0.8%) | Other: (62.1%);NA;
Geslacht;Geslacht;TRUE;subset;0,0000000000000000;NA;NA;NA;FALSE;vrouw: (55%) | man: (45%);NA;
LeeftijdPerPeildatum1Oktober;LeeftijdPerPeildatum1Oktober;TRUE;numeric;0,0000000000000000;14;75;NA;FALSE;21: (12.1%) | 22: (11.7%) | 20: (11.0%) | 23: (10.9%) | 19: ( 9.1%) | 24: ( 9.0%) | 25: ( 7.3%) | 18: ( 6.5%) | 26: ( 5.2%) | 17: ( 4.0%) | Other: (13.3%);Q1 = 20  | median = 22  | Q3 =  24  | mean = 22.5  | stdev = 4.2;
LeeftijdPer1Januari;LeeftijdPer1Januari;TRUE;numeric;0,0000000000000000;15;75;NA;FALSE;21: (12.1%) | 22: (11.9%) | 23: (11.1%) | 20: (10.6%) | 24: ( 9.5%) | 19: ( 8.2%) | 25: ( 7.8%) | 18: ( 5.9%) | 26: ( 5.7%) | 27: ( 3.8%) | Other: (13.5%);Q1 = 20  | median = 22  | Q3 =  25  | mean = 22.7  | stdev = 4.2;
Nationaliteit1;Nationaliteit1;TRUE;numeric;0,0572567162128118;1;499;NA;FALSE;1: (94.36%) | 55: ( 0.87%) | 64: ( 0.34%) | 307: ( 0.29%) | 74: ( 0.25%) | 59: ( 0.23%) | 72: ( 0.23%) | 60: ( 0.20%) | 77: ( 0.20%) | 339: ( 0.19%) | Other: ( 2.84%);Q1 = 1  | median = 1  | Q3 =  1  | mean = 8.1  | stdev = 38.9;
Nationaliteit2;Nationaliteit2;TRUE;numeric;87,3943613585873607;27;499;NA;FALSE;131: ( 3.26%) | 339: ( 2.29%) | 55: ( 0.46%) | 315: ( 0.42%) | 60: ( 0.36%) | 300: ( 0.34%) | 223: ( 0.32%) | 112: ( 0.28%) | 57: ( 0.24%) | Other: (92.03%);Q1 = 112  | median = 131  | Q3 =  319.75  | mean = 195  | stdev = 115;
Nationaliteit3;Nationaliteit3;TRUE;numeric;99,8488422691981725;60;454;NA;FALSE;131: (2.5e-02%) | 339: (2.3e-02%) | 83: (1.1e-02%) | 204: (1.1e-02%) | 60: (9.2e-03%) | 316: (9.2e-03%) | 322: (9.2e-03%) | 402: (6.9e-03%) | 71: (4.6e-03%) | Other: (1.0e+02%);Q1 = 131  | median = 269  | Q3 =  339  | mean = 242  | stdev = 126;
Geboorteland;Geboorteland;TRUE;numeric;0,0000000000000000;0;9089;NA;FALSE;6030: (85.46%) | 9089: ( 1.09%) | 5007: ( 1.01%) | 6022: ( 0.75%) | 6023: ( 0.72%) | 7011: ( 0.55%) | 6043: ( 0.44%) | 6014: ( 0.42%) | 7044: ( 0.41%) | 5012: ( 0.38%) | Other: ( 8.75%);Q1 = 6030  | median = 6030  | Q3 =  6030  | mean = 6052  | stdev = 529;
GeboortelandOuder1;GeboortelandOuder1;TRUE;numeric;0,0000000000000000;0;9089;NA;FALSE;6030: (70.69%) | 0: ( 7.26%) | 5022: ( 3.45%) | 5007: ( 3.29%) | 6043: ( 2.17%) | 6024: ( 0.96%) | 6023: ( 0.90%) | 7011: ( 0.85%) | 6022: ( 0.57%) | 5012: ( 0.54%) | Other: ( 9.33%);Q1 = 6030  | median = 6030  | Q3 =  6030  | mean = 5575  | stdev = 1643;
GeboortelandOuder2;GeboortelandOuder2;TRUE;numeric;0,0000000000000000;0;9999;NA;FALSE;6030: (70.78%) | 0: ( 8.64%) | 5022: ( 3.58%) | 5007: ( 2.86%) | 6043: ( 2.32%) | 6023: ( 0.92%) | 6024: ( 0.84%) | 7011: ( 0.76%) | 5012: ( 0.52%) | 6022: ( 0.47%) | Other: ( 8.31%);Q1 = 6030  | median = 6030  | Q3 =  6030  | mean = 5496  | stdev = 1762;
Etniciteit;Etniciteit;TRUE;logical;100,0000000000000000;NA;NA;NA;FALSE;: (%);NA;
Generatie;Generatie;TRUE;logical;100,0000000000000000;NA;NA;NA;FALSE;: (%);NA;
GecorrigeerdEersteJaarAanDezeInstelling;GecorrigeerdEersteJaarAanDezeInstelling;TRUE;numeric;0,0000000000000000;1973;2023;NA;FALSE;2020: ( 6.5%) | 2019: ( 6.3%) | 2018: ( 6.1%) | 2011: ( 5.7%) | 2010: ( 5.7%) | 2009: ( 5.5%) | 2014: ( 5.3%) | 2008: ( 5.2%) | 2017: ( 5.2%) | 2021: ( 5.1%) | Other: (43.6%);Q1 = 2009  | median = 2013  | Q3 =  2018  | mean = 2013  | stdev = 5.82;
EersteJaarAanDezeActueleInstelling;EersteJaarAanDezeActueleInstelling;TRUE;numeric;0,0000000000000000;1973;2023;NA;FALSE;2020: ( 6.5%) | 2019: ( 6.3%) | 2018: ( 6.1%) | 2011: ( 5.7%) | 2010: ( 5.7%) | 2009: ( 5.5%) | 2014: ( 5.3%) | 2008: ( 5.2%) | 2017: ( 5.2%) | 2021: ( 5.1%) | Other: (43.6%);Q1 = 2009  | median = 2013  | Q3 =  2018  | mean = 2013  | stdev = 5.82;
SoortInschrijvingActInstTypeHoBinnenSoortHo;SoortInschrijvingActInstTypeHoBinnenSoortHo;TRUE;numeric;0,0000000000000000;1;4;NA;FALSE;1: (92.0161%) | 3: ( 6.0211%) | 2: ( 1.9605%) | 4: ( 0.0023%);Q1 = 1  | median = 1  | Q3 =  1  | mean = 1.14  | stdev = 0.491;
IndicatieEerstejrsActInstTypeHoBinnenSoortHo;IndicatieEerstejrsActInstTypeHoBinnenSoortHo;TRUE;numeric;0,0000000000000000;1;5;NA;FALSE;2: (53.20%) | 1: (38.82%) | 5: ( 6.02%) | 4: ( 1.48%) | 3: ( 0.48%);Q1 = 1  | median = 2  | Q3 =  2  | mean = 1.83  | stdev = 0.982;
ActueleInstellingVoorBesturenfusies;ActueleInstellingVoorBesturenfusies;TRUE;subset;0,0000000000000000;NA;NA;[A-Z]{2};FALSE;21PL: (100%);NA;
SoortInschrijvingTypeHoBinnenHo;SoortInschrijvingTypeHoBinnenHo;TRUE;numeric;0,0000000000000000;1;4;NA;FALSE;1: (90.6351%) | 3: ( 6.0211%) | 2: ( 3.3415%) | 4: ( 0.0023%);Q1 = 1  | median = 1  | Q3 =  1  | mean = 1.15  | stdev = 0.501;
VerblijfsjaarTypeHoBinnenHo;VerblijfsjaarTypeHoBinnenHo;TRUE;numeric;0,0000000000000000;0;21;NA;FALSE;1: (32.32%) | 2: (23.82%) | 3: (17.08%) | 4: ( 9.60%) | 0: ( 6.02%) | 5: ( 5.62%) | 6: ( 2.88%) | 7: ( 1.30%) | 8: ( 0.61%) | 9: ( 0.27%) | Other: ( 0.49%);Q1 = 1  | median = 2  | Q3 =  3  | mean = 2.37  | stdev = 1.77;
PostcodecijfersStudentOp1Oktober;PostcodecijfersStudentOp1Oktober;TRUE;numeric;7,8395895838581868;10;9989;NA;FALSE;1183: ( 5.54%) | 30: ( 2.40%) | 1098: ( 2.11%) | 1102: ( 1.05%) | 1055: ( 0.99%) | 1097: ( 0.95%) | 1072: ( 0.87%) | 1058: ( 0.84%) | 1018: ( 0.84%) | Other: (84.42%);Q1 = 1073  | median = 1183  | Q3 =  2311  | mean = 1952  | stdev = 1597;
PostcodecijfersVanDeHoogsteVooroplVoorHetHo;PostcodecijfersVanDeHoogsteVooroplVoorHetHo;TRUE;numeric;31,8599271694569737;10;9991;NA;FALSE;1181: ( 0.55%) | 1187: ( 0.44%) | 2134: ( 0.43%) | 1066: ( 0.35%) | 2135: ( 0.35%) | 1069: ( 0.32%) | 1171: ( 0.31%) | 1064: ( 0.30%) | 1186: ( 0.29%) | Other: (96.67%);Q1 = 1391  | median = 2134  | Q3 =  3824  | mean = 3008  | stdev = 2171;
GemEindcijferVoVanDeHoogsteVooroplVoorHetHo;GemEindcijferVoVanDeHoogsteVooroplVoorHetHo;TRUE;numeric;22,1560589057096387;57;94;NA;FALSE;65: ( 7.8%) | 66: ( 6.2%) | 64: ( 6.0%) | 63: ( 6.0%) | 68: ( 5.5%) | 70: ( 5.5%) | 67: ( 5.1%) | 62: ( 4.4%) | 69: ( 4.4%) | Other: (49.1%);Q1 = 64  | median = 67  | Q3 =  70  | mean = 67.5  | stdev = 5.26;
SoortInschrijvingContinuHogerOnderwijs;SoortInschrijvingContinuHogerOnderwijs;TRUE;numeric;0,0000000000000000;1;4;NA;FALSE;1: (92.58%) | 2: ( 6.08%) | 3: ( 1.08%) | 4: ( 0.27%);Q1 = 1  | median = 1  | Q3 =  1  | mean = 1.09  | stdev = 0.346;
SoortInschrijvingContinuSoortHo;SoortInschrijvingContinuSoortHo;TRUE;numeric;0,0000000000000000;1;4;NA;FALSE;1: (92.88%) | 2: ( 5.77%) | 3: ( 1.08%) | 4: ( 0.27%);Q1 = 1  | median = 1  | Q3 =  1  | mean = 1.09  | stdev = 0.342;
SoortInschrijvingContinuActueleInstelling;SoortInschrijvingContinuActueleInstelling;TRUE;numeric;0,0000000000000000;1;4;NA;FALSE;1: (94.46%) | 2: ( 4.20%) | 3: ( 1.08%) | 4: ( 0.27%);Q1 = 1  | median = 1  | Q3 =  1  | mean = 1.07  | stdev = 0.322;
SoortInschrijvingContinuTypeHoBinnenHo;SoortInschrijvingContinuTypeHoBinnenHo;TRUE;numeric;0,0000000000000000;1;4;NA;FALSE;1: (94.81%) | 2: ( 3.84%) | 3: ( 1.08%) | 4: ( 0.27%);Q1 = 1  | median = 1  | Q3 =  1  | mean = 1.07  | stdev = 0.317;
IndicatieEerstejaarsContinuHogerOnderwijs;IndicatieEerstejaarsContinuHogerOnderwijs;TRUE;numeric;0,0000000000000000;1;5;NA;FALSE;2: (77.02%) | 1: (15.56%) | 4: ( 5.92%) | 5: ( 1.34%) | 3: ( 0.16%);Q1 = 2  | median = 2  | Q3 =  2  | mean = 2  | stdev = 0.717;
IndicatieEerstejaarsContinuSoortHo;IndicatieEerstejaarsContinuSoortHo;TRUE;numeric;0,0000000000000000;1;5;NA;FALSE;2: (71.71%) | 1: (21.18%) | 4: ( 5.57%) | 5: ( 1.34%) | 3: ( 0.21%);Q1 = 2  | median = 2  | Q3 =  2  | mean = 1.94  | stdev = 0.744;
IndicatieEerstejaarsContinuActueleInstelling;IndicatieEerstejaarsContinuActueleInstelling;TRUE;numeric;0,0000000000000000;1;5;NA;FALSE;2: (66.48%) | 1: (27.98%) | 4: ( 3.91%) | 5: ( 1.34%) | 3: ( 0.29%);Q1 = 1  | median = 2  | Q3 =  2  | mean = 1.84  | stdev = 0.731;
IndicatieEerstejaarsContinuTypeHoBinnenHo;IndicatieEerstejaarsContinuTypeHoBinnenHo;TRUE;numeric;0,0000000000000000;1;5;NA;FALSE;2: (62.73%) | 1: (32.08%) | 4: ( 3.23%) | 5: ( 1.34%) | 3: ( 0.61%);Q1 = 1  | median = 2  | Q3 =  2  | mean = 1.79  | stdev = 0.73;
IndicatieSoortProgramma;IndicatieSoortProgramma;TRUE;logical;100,0000000000000000;NA;NA;NA;FALSE;: (%);NA;
DatumInschrijving;DatumInschrijving;TRUE;Date;0,0000000000000000;NA;NA;^[0-9]{4}\-[0-9]{2}\-[0-9]{2}$;FALSE;2021-09-01: ( 7.5%) | 2022-09-01: ( 7.4%) | 2023-09-01: ( 7.2%) | 2020-09-01: ( 6.5%) | 2019-09-01: ( 6.0%) | 2018-09-01: ( 5.5%) | 2011-09-01: ( 5.4%) | 2012-09-01: ( 5.2%) | 2013-09-01: ( 5.1%) | 2014-09-01: ( 5.0%) | Other: (39.2%);NA;
DatumUitschrijving;DatumUitschrijving;TRUE;Date;0,0000000000000000;NA;NA;^[0-9]{4}\-[0-9]{2}\-[0-9]{2}$;FALSE;2024-08-31: ( 7.1%) | 2022-08-31: ( 7.0%) | 2023-08-31: ( 6.6%) | 2021-08-31: ( 6.1%) | 2020-08-31: ( 5.5%) | 2019-08-31: ( 5.0%) | 2012-08-31: ( 4.8%) | 2013-08-31: ( 4.7%) | 2015-08-31: ( 4.7%) | 2011-08-31: ( 4.6%) | Other: (43.9%);NA;
Vestigingsnummer;Vestigingsnummer;TRUE;subset;0,0000000000000000;NA;NA;NA;FALSE;00: (100%);Q1 = 0  | median = 0  | Q3 =  0  | mean = 0  | stdev = 0;
DatumTekeningDiploma;DatumTekeningDiploma;TRUE;Date;74,5734374642145497;NA;NA;^[0-9]{4}\-[0-9]{2}\-[0-9]{2}$;FALSE;2012-08-31: ( 0.71%) | 2023-07-31: ( 0.63%) | 2011-08-31: ( 0.53%) | 2010-08-31: ( 0.44%) | 2016-07-15: ( 0.42%) | 2020-07-31: ( 0.38%) | 2009-08-31: ( 0.37%) | 2022-07-31: ( 0.37%) | 2021-07-31: ( 0.35%) | Other: (95.80%);NA;
VestigingsnummerDiploma;VestigingsnummerDiploma;TRUE;subset;74,5734374642145497;NA;NA;NA;FALSE;00: (100%);Q1 = 0  | median = 0  | Q3 =  0  | mean = 0  | stdev = 0;
VestigingsnummerActueel;VestigingsnummerActueel;TRUE;subset;0,0000000000000000;NA;NA;NA;FALSE;00: (100%);Q1 = 0  | median = 0  | Q3 =  0  | mean = 0  | stdev = 0;
VestigingsnummerActueelDiploma;VestigingsnummerActueelDiploma;TRUE;subset;74,5734374642145497;NA;NA;NA;FALSE;00: (100%);Q1 = 0  | median = 0  | Q3 =  0  | mean = 0  | stdev = 0;
VestigingsnummerVanDeHoogsteVooroplVoorHetHo;VestigingsnummerVanDeHoogsteVooroplVoorHetHo;TRUE;character;12,6170899846552000;NA;NA;NA;FALSE;00: (74.67%) | 01: ( 3.26%) | 02: ( 3.02%) | 04: ( 2.02%) | 03: ( 1.47%) | 05: ( 0.74%) | 08: ( 0.64%) | 06: ( 0.60%) | 07: ( 0.39%) | Other: (13.18%);Q1 = 0  | median = 0  | Q3 =  0  | mean = 0.556  | stdev = 2.48;
VestigingsnummerVanDeHoogsteVooroplBinnenHetHo;VestigingsnummerVanDeHoogsteVooroplBinnenHetHo;TRUE;subset;55,3626640404919499;NA;NA;NA;FALSE;00: (40.49%) | 01: ( 2.04%) | 02: ( 0.63%) | 03: ( 0.41%) | 13: ( 0.28%) | 07: ( 0.20%) | 11: ( 0.11%) | 06: ( 0.11%) | 12: ( 0.10%) | Other: (55.61%);Q1 = 0  | median = 0  | Q3 =  0  | mean = 0.339  | stdev = 1.65;
VestigingsnummerVanDeHoogsteVooropleiding;VestigingsnummerVanDeHoogsteVooropleiding;TRUE;character;9,5366786524059286;NA;NA;NA;FALSE;00: (79.38%) | 01: ( 3.86%) | 02: ( 2.25%) | 03: ( 1.17%) | 04: ( 1.12%) | 08: ( 0.46%) | 06: ( 0.43%) | 07: ( 0.42%) | 13: ( 0.39%) | Other: (10.51%);Q1 = 0  | median = 0  | Q3 =  0  | mean = 0.463  | stdev = 2.09;
IndicatieEerActueel;IndicatieEerActueel;TRUE;subset;0,0000000000000000;NA;NA;NA;FALSE;J: (98.1%) | N: ( 1.9%);NA;
IndicatieInternationaleStudent;IndicatieInternationaleStudent;TRUE;subset;0,0000000000000000;NA;NA;NA;FALSE;N: (94.9%) | J: ( 5.1%);NA;
IndicatieEerOpPeildatum1Oktober;IndicatieEerOpPeildatum1Oktober;TRUE;subset;0,0000000000000000;NA;NA;NA;FALSE;J: (98.2%) | N: ( 1.8%);NA;
NationaliteitGebruiktVoorBepalingIndicatieEerActueel;NationaliteitGebruiktVoorBepalingIndicatieEerActueel;TRUE;character;0,0320637610791746;NA;NA;[0-9]{4};FALSE;0001: (93.01%) | 0055: ( 0.96%) | 0307: ( 0.50%) | 0064: ( 0.45%) | 0059: ( 0.38%) | 0077: ( 0.34%) | 0263: ( 0.31%) | 0074: ( 0.28%) | 0072: ( 0.27%) | 0339: ( 0.21%) | Other: ( 3.30%);Q1 = 1  | median = 1  | Q3 =  1  | mean = 9.58  | stdev = 42.3;
NationaliteitGebruiktVoorBepalingIndicatieEerPeildatum;NationaliteitGebruiktVoorBepalingIndicatieEerPeildatum;TRUE;character;0,0320637610791746;NA;NA;[0-9]{4};FALSE;0001: (93.01%) | 0055: ( 0.96%) | 0307: ( 0.50%) | 0064: ( 0.44%) | 0059: ( 0.38%) | 0077: ( 0.34%) | 0263: ( 0.31%) | 0074: ( 0.28%) | 0072: ( 0.27%) | 0339: ( 0.21%) | Other: ( 3.30%);Q1 = 1  | median = 1  | Q3 =  1  | mean = 9.58  | stdev = 42.3;
VerblijfsjaarActueleOpleiding;VerblijfsjaarActueleOpleiding;TRUE;character;0,0000000000000000;NA;NA;NA;FALSE;01: (40.98%) | 02: (24.46%) | 03: (16.14%) | 04: ( 7.58%) | 00: ( 6.02%) | 05: ( 2.69%) | 06: ( 1.00%) | 07: ( 0.51%) | 08: ( 0.23%) | 09: ( 0.12%) | Other: ( 0.27%);Q1 = 1  | median = 2  | Q3 =  3  | mean = 1.98  | stdev = 1.46;
VerblijfsjaarActueleInstelling;VerblijfsjaarActueleInstelling;TRUE;character;0,0000000000000000;NA;NA;NA;FALSE;01: (27.83%) | 02: (20.19%) | 03: (14.29%) | 04: (11.06%) | 05: ( 8.16%) | 00: ( 6.02%) | 06: ( 5.69%) | 07: ( 3.20%) | 08: ( 1.53%) | 09: ( 0.74%) | Other: ( 1.29%);Q1 = 1  | median = 2  | Q3 =  4  | mean = 2.88  | stdev = 2.29;
VerblijfsjaarActueleOpleidingInstelling;VerblijfsjaarActueleOpleidingInstelling;TRUE;character;0,0000000000000000;NA;NA;NA;FALSE;01: (41.91%) | 02: (24.21%) | 03: (15.97%) | 04: ( 7.41%) | 00: ( 6.02%) | 05: ( 2.56%) | 06: ( 0.92%) | 07: ( 0.44%) | 08: ( 0.20%) | 09: ( 0.10%) | Other: ( 0.26%);Q1 = 1  | median = 2  | Q3 =  3  | mean = 1.95  | stdev = 1.43;
VerblijfsjaarActueleInstellingTypeHogerOnderwijsBinnenSoortHogerOnderwijs;VerblijfsjaarActueleInstellingTypeHogerOnderwijsBinnenSoortHogerOnderwijs;TRUE;character;0,0000000000000000;NA;NA;NA;FALSE;01: (39.30%) | 02: (24.60%) | 03: (16.39%) | 04: ( 8.22%) | 00: ( 6.02%) | 05: ( 3.10%) | 06: ( 1.23%) | 07: ( 0.55%) | 08: ( 0.23%) | 09: ( 0.13%) | Other: ( 0.24%);Q1 = 1  | median = 2  | Q3 =  3  | mean = 2.03  | stdev = 1.47;
VerblijfsjaarContinuHogerOnderwijs;VerblijfsjaarContinuHogerOnderwijs;TRUE;character;0,0000000000000000;NA;NA;NA;FALSE;01: (15.7%) | 02: (13.7%) | 05: (13.0%) | 03: (12.5%) | 06: (12.4%) | 04: (11.7%) | 07: ( 8.8%) | 08: ( 4.7%) | 09: ( 2.4%) | 10: ( 1.4%) | Other: ( 3.7%);Q1 = 2  | median = 4  | Q3 =  6  | mean = 4.36  | stdev = 2.82;
VerblijfsjaarContinuSoortHogerOnderwijs;VerblijfsjaarContinuSoortHogerOnderwijs;TRUE;character;0,0000000000000000;NA;NA;NA;FALSE;01: (21.4%) | 02: (18.5%) | 03: (14.5%) | 04: (12.6%) | 05: (10.7%) | 06: ( 8.5%) | 07: ( 5.6%) | 08: ( 2.9%) | 09: ( 1.5%) | 00: ( 1.1%) | Other: ( 2.7%);Q1 = 2  | median = 3  | Q3 =  5  | mean = 3.66  | stdev = 2.6;
VerblijfsjaarContinuActueleInstelling;VerblijfsjaarContinuActueleInstelling;TRUE;character;0,0000000000000000;NA;NA;NA;FALSE;01: (28.29%) | 02: (20.78%) | 03: (14.80%) | 04: (11.89%) | 05: ( 8.82%) | 06: ( 6.14%) | 07: ( 3.91%) | 08: ( 1.83%) | 00: ( 1.08%) | 09: ( 0.91%) | Other: ( 1.54%);Q1 = 1  | median = 2  | Q3 =  4  | mean = 3.12  | stdev = 2.32;
VerblijfsjaarContinuTypeHoBinnenHo;VerblijfsjaarContinuTypeHoBinnenHo;TRUE;character;0,0000000000000000;NA;NA;NA;FALSE;01: (32.78%) | 02: (24.79%) | 03: (17.95%) | 04: (10.73%) | 05: ( 6.28%) | 06: ( 3.28%) | 07: ( 1.56%) | 00: ( 1.08%) | 08: ( 0.70%) | 09: ( 0.32%) | Other: ( 0.54%);Q1 = 1  | median = 2  | Q3 =  3  | mean = 2.56  | stdev = 1.76;
IndicatieUniversityCollege;IndicatieUniversityCollege;TRUE;logical;100,0000000000000000;NA;NA;NA;FALSE;: (%);NA;
ISCEDF2013Rubriek;ISCEDF2013Rubriek;TRUE;subset;0,0000000000000000;NA;NA;^[0-9]{6,7}$;FALSE;041303: (21.4%) | 091201: (19.4%) | 091000: (11.2%) | 091501: ( 8.4%) | 042101: ( 7.1%) | 041305: ( 6.3%) | 032102: ( 5.3%) | 041301: ( 5.1%) | 031103: ( 3.9%) | 031201: ( 2.3%) | Other: ( 9.6%);Q1 = 41303  | median = 41401  | Q3 =  91201  | mean = 60125  | stdev = 25311;
HerkomstlandVolgensCbsDefinitie;HerkomstlandVolgensCbsDefinitie;TRUE;numeric;0,0000000000000000;0;9092;NA;FALSE;6030: (66.60%) | 5007: ( 4.19%) | 5022: ( 3.52%) | 6043: ( 2.67%) | 6024: ( 1.60%) | 9089: ( 1.36%) | 7011: ( 1.23%) | 6022: ( 0.90%) | 6039: ( 0.84%) | 6023: ( 0.76%) | Other: (16.33%);Q1 = 6030  | median = 6030  | Q3 =  6030  | mean = 6045  | stdev = 687;
HerkomstIndikkingVolgensCbsDefinitie;HerkomstIndikkingVolgensCbsDefinitie;TRUE;subset;0,0000000000000000;NA;NA;NA;FALSE;01: (66.603%) | 02: ( 8.682%) | 09: ( 5.934%) | 05: ( 4.193%) | 04: ( 3.516%) | 03: ( 2.670%) | 07: ( 2.490%) | 10: ( 2.419%) | 08: ( 2.167%) | 06: ( 1.283%) | Other: ( 0.044%);Q1 = 1  | median = 1  | Q3 =  2  | mean = 2.51  | stdev = 3.33;
IndicatieGeboren;IndicatieGeboren;TRUE;numeric;0,0000000000000000;11;99;NA;FALSE;11: (66.603%) | 13: (11.126%) | 23: (10.544%) | 12: ( 9.404%) | 21: ( 1.301%) | 22: ( 0.978%) | 99: ( 0.044%);Q1 = 11  | median = 11  | Q3 =  12  | mean = 12.9  | stdev = 4.26;
Burgerservicenummer;Burgerservicenummer;TRUE;logical;100,0000000000000000;NA;NA;NA;FALSE;: (%);NA;
Onderwijsnummer;Onderwijsnummer;TRUE;logical;100,0000000000000000;NA;NA;NA;FALSE;: (%);NA;
